-- Active: 1709919509361@@127.0.0.1@5432@postgres@public

INSERT INTO Movies
    (title, duration, release_date)
VALUES
	('Зеленая миля', '03:09', '2001-02-13'), -- 1
	('1+1', '01:52', '2012-05-28'), -- 2
	('Форрест Гамп', '02:22', '2009-12-01'), -- 3
	('Побег из Шоушенка', '02:22', '1999-09-01'), -- 4
	('Интерстеллар', '02:49', '2015-04-09'), -- 5
	('Унесённые призраками', '02:05', '2005-09-08'), -- 6
	('Бойцовский клуб', '02:19', '2007-08-09'), -- 7
	('Властелин колец - Возвращение короля', '03:21', '2004-05-25'), -- 8
	('Криминальное чтиво', '02:34', '2002-01-31'), -- 9
	('Список Шиндлера', '03:15', '2004-09-28'), -- 10
	('Шрэк', '01:30', '2002-10-08'), -- 11
	('Иван Васильевич меняет профессию', '01:28', '1973-09-17'), -- 12
	('Властелин колец - Две крепости', '02:59', '2003-08-28'), -- 13
	('Ходячий замок', '01:59', '2005-12-22'), --14
	('Властелин колец - Братство Кольца', '02:58', '2002-12-03'); --15

INSERT INTO Movies
    (title, duration, release_date, remake_id)
VALUES
	('Звезда Родилась', '01:11', '1937-04-27', NULL), --16
	('Звезда Родилась', '03:02', '1954-09-29', 16), --17
	('Звезда Родилась', '02:22', '1976-12-18', 16), --18
	('Звезда Родилась', '02:15', '2018-10-03', 16); --19

INSERT INTO Genres
    (name)
VALUES
    ('драма'), -- 1
    ('фэнтези'), -- 2
    ('криминал'), -- 3
    ('комедия'), -- 4
    ('биография'), -- 5
    ('мелодрама'), -- 6
    ('история'), -- 7
    ('военный'), -- 8
    ('фантастика'), -- 9
    ('приключения'), -- 10
    ('аниме'), -- 11
    ('мультфильм'), -- 12
    ('семейный'), -- 13
    ('триллер'), -- 14
    ('боевик'); -- 15

INSERT INTO MovieGenreConnecter
    (movie_id, genre_id)
VALUES
    (1, 1),
    (1, 2),
    (1, 3),
    (2, 1),
    (2, 4),
    (2, 5),
    (3, 1),
    (3, 4),
    (3, 6),
    (3, 7),
    (3, 8),
    (4, 1),
    (5, 1),
    (6, 11),
    (6, 12),
    (6, 2),
    (6, 10),
    (6, 13),
    (7, 14),
    (7, 1),
    (7, 3),
    (8, 2),
    (8, 10),
    (8, 1),
    (8, 15),
    (9, 3),
    (9, 1),
    (10, 1),
    (10, 5),
    (10, 7),
    (10, 8),
    (11, 12),
    (11, 2),
    (11, 6),
    (11, 4),
    (11, 10),
    (11, 13),
    (12, 4),
    (12, 9),
    (12, 10),
    (13, 2),
    (13, 10),
    (13, 15),
    (13, 1),
    (14, 11),
    (14, 12),
    (14, 2),
    (14, 6),
    (14, 10),
    (15, 2),
    (15, 10),
    (15, 1),
    (15, 15);

INSERT INTO People
    (person_type, name, age, gender)
VALUES
    ('actor', 'Том Хэнкс', 67, 'male'), -- 1
    ('actor', 'Дэвид Морс', 70, 'male'), -- 2
    ('actor', 'Франсуа Клюзе', 68, 'male'), -- 3
    ('actor', 'Омар Си', 46, 'male'), -- 4
    ('actor', 'Робин Райт', 57, 'female'), -- 5
    ('actor', 'Тим Роббинс', 65, 'male'), -- 6
    ('actor', 'Морган Фримен', 86, 'male'), -- 7
    ('actor', 'Мэттью Макконахи', 54, 'male'), -- 8
    ('actor', 'Энн Хэтэуэй', 41, 'female'), -- 9
    ('actor', 'Эдвард Нортон', 54, 'male'), -- 10
    ('actor', 'Брэд Питт', 60, 'male'), -- 11
    ('actor', 'Хелена Бонэм Картер', 57, 'female'), -- 12
    ('actor', 'Элайджа Вуд', 43, 'male'), -- 13
    ('actor', 'Вигго Мортенсен', 65, 'male'), -- 14
    ('actor', 'Иэн Маккеллен', 84, 'male'), -- 15
    ('actor', 'Орландо Блум', 47, 'male'), -- 16
    ('actor', 'Лив Тайлер', 46, 'female'), -- 17
    ('actor', 'Джон Рис-Дэвис', 79, 'male'), -- 18
    ('actor', 'Джон Траволта', 70, 'male'), -- 19
    ('actor', 'Сэмюэл Л. Джексон', 75, 'male'), -- 20
    ('actor', 'Брюс Уиллис', 68, 'male'), -- 21
    ('actor', 'Ума Турман', 53, 'female'), -- 22
    ('actor', 'Лиам Нисон', 71, 'male'), -- 23
    ('actor', 'Бен Кингсли', 80, 'male'), -- 24
    ('actor', 'Майк Майерс', 60, 'male'), -- 25
    ('actor', 'Эдди Мёрфи', 62, 'male'), -- 26
    ('actor', 'Юрий Яковлев', 85, 'male'), -- 27
    ('actor', 'Леонид Куравлёв', 85, 'male'); -- 28

INSERT INTO MovieActorConnecter
    (movie_id, actor_id, actor_role)
VALUES
    (1, 1, 'Пол Эджкомб'),
    (1, 2, 'Брут «Зверюга» Хоуэлл'),
    (2, 3, 'Филипп Поццо ди Борго'),
    (2, 4, 'Дрисс Бассари'),
    (3, 1, 'Форрест Гамп'),
    (3, 5, 'Дженни Каррен'),
    (4, 6, 'Энди Дюфрейн'),
    (4, 7, 'Эллис Бойд «Ред» Реддинг'),
    (5, 8, 'Купер'),
    (5, 9, 'Амелия Брэнд'),
    (7, 10, 'Рассказчик'),
    (7, 11, 'Тайлер Дёрден'),
    (7, 12, 'Марла Сингер'),
    (8, 13, 'Фродо Бэггинс'),
    (8, 14, 'Арагорн'),
    (8, 15, 'Гэндальф Белый'),
    (8, 16, 'Леголас'),
    (8, 17, 'Арвен'),
    (8, 18, 'Гимли'),
    (9, 19, 'Винсент Вега'),
    (9, 20, 'Джулс Уиннфилд'),
    (9, 21, 'Бутч Куллидж'),
    (9, 22, 'Мия Уоллес'),
    (10, 23, 'Оскар Шиндлер'),
    (10, 24, 'Ицхак Штерн'),
    (11, 25, 'Шрек'),
    (11, 26, 'Осёл'),
    (12, 27, 'Иван Васильевич Бунша, сосед Шурика'),
    (12, 28, 'Жорж Милославский, квартирный и карманный вор-рецидивист'),
    (13, 13, 'Фродо Бэггинс'),
    (13, 14, 'Арагорн'),
    (13, 15, 'Гэндальф Белый'),
    (13, 16, 'Леголас'),
    (13, 17, 'Арвен'),
    (13, 18, 'Гимли'),
    (15, 13, 'Фродо Бэггинс'),
    (15, 14, 'Арагорн'),
    (15, 15, 'Гэндальф Белый'),
    (15, 16, 'Леголас'),
    (15, 17, 'Арвен'),
    (15, 18, 'Гимли');

INSERT INTO People
    (person_type, name, age, gender)
VALUES
    ('composer', 'Томас Ньюман', 68, 'male'), -- 29
    ('composer', 'Людовико Эйнауди', 68, 'male'), -- 30
    ('composer', 'Алан Сильвестри', 73, 'male'), -- 31
    ('composer', 'Ханс Циммер', 66, 'male'), -- 32
    ('composer', 'Дзё Хисаиси', 73, 'male'), -- 33
    ('composer', 'Даст Бразерс', NULL, 'male'), -- 34
    ('composer', 'Говард Шор', 77, 'male'), -- 35
    ('composer', 'Джон Уильямс', 92, 'male'), -- 36
    ('composer', 'Гарри Грегсон-Уильямс', 62, 'male'), -- 37
    ('composer', 'Александр Зацепин', 98, 'male'), -- 38
    ('composer', 'Dick Dale & His Del-Tones', 81, 'male'), -- 39
    ('composer', 'Ицхак Перлман', 78, 'male'), -- 40
    ('composer', 'Smash Mouth', 57, 'male'), -- 41
    ('composer', 'Дзё Хисаиси', 73, 'male'); -- 42

INSERT INTO Soundtracks
    (title, release_date, duration, movie_id)
VALUES
    ('Monstrous Big', '1999-12-21', '01:51', 1), -- 1
    ('The Two Dead Girls', '1999-12-14', '01:50', 1), -- 2
    ('The Mouse on the Mile', '1996-01-01', '03:02', 1), -- 3
    ('Fly', '2006-11-07', '04:39', 2), -- 4
    ('Writing Poems', NULL, '04:09', 2), -- 5
    ('Forrest Gump Suite', '1994-06-28', '08:48', 3), -- 6
    ('The Shawshank Redemption', '1994-09-20', '04:27', 4), -- 7
    ('Interstellar', '2014-11-17', '04:07', 5), -- 8
    ('One Summer`s Day', '2001-07-18', '03:10', 6), -- 9
    ('A Road to Somewhere', '2001-07-18', '02:08', 6), -- 10
    ('The Empty Restaurant', '2001-07-18', '03:16', 6), -- 11
    ('Who Is Tyler Durden?', '1999-07-27', '05:03', 7), -- 12
    ('Homework', '1999-07-27', '04:37', 7), -- 13
    ('What Is Fight Club?', '1999-07-27', '04:44', 7), -- 14
    ('A Storm Is Coming', '2003-11-25', '02:52', 8), -- 15
    ('Hope and Memory', '2003-11-25', '01:46', 8), -- 16
    ('Minas Tirith', '2003-11-25', '03:37', 8), -- 17
    ('Misirlou', '1962-04-21', '02:27', 9), -- 18
    ('Schindler`s List', NULL, '03:31', 10), -- 19
    ('Jewish Town', NULL, '04:41', 10), -- 20
    ('All Star', '1999-05-04', '03:57', 11), -- 21
    ('I`m a Believer', '1966-10-15', '03:05', 11), -- 22
    ('Увертюра', '1973-09-17', '02:06', 12), -- 23
    ('Погоня', '1973-09-17', '03:26', 12), -- 24
    ('Foundations of Stone', '2002-12-10', '03:52', 13), -- 25
    ('The Taming of Smeagol', '2003-11-18', '02:49', 13), -- 26
    ('Mysterious World', '2004-01-21', '05:04', 14), -- 27
    ('The Wizard of the Moving Castle', '2004-01-21', '05:56', 14), -- 28
    ('Sophie`s Tomorrow', '2004-01-21', '05:11', 14), -- 29
    ('The Prophecy', '2001-11-20', '03:55', 15), -- 30
    ('Concerning Hobbits', '2001-11-20', '02:55', 15), -- 31
    ('The Shadow of the Past', '2001-11-20', '03:32', 15); -- 32

INSERT INTO ComposerSoundtrackConnecter
    (soundtrack_id, composer_id)
VALUES
    (1, 29),
    (2, 29),
    (3, 29),
    (4, 30),
    (5, 30),
    (6, 31),
    (7, 29),
    (8, 32),
    (9, 33),
    (10, 33),
    (11, 33),
    (12, 34),
    (13, 34),
    (14, 34),
    (15, 35),
    (16, 35),
    (17, 35),
    (18, 39),
    (19, 36),
    (19, 40),
    (20, 36),
    (20, 40),
    (21, 41),
    (22, 41),
    (23, 38),
    (24, 38),
    (25, 35),
    (26, 35),
    (27, 42),
    (28, 42),
    (29, 42),
    (30, 35),
    (31, 35),
    (32, 35);

INSERT INTO Awards
    (name, description, award_type)
VALUES
    ('BMI Film & TV Awards', 'Best movie soundtrack of the year', 'person'), -- 1
    ('Blockbuster Entertainment Awards', 'Favorite Actor – Drama', 'person'), -- 2
    ('Oscars', 'Best Actor in a Supporting Role', 'person'), -- 3
    ('People’s Choice Awards', 'Favourite movie', 'movie'), -- 4
    ('Critic’s Choice Awards', 'Best Supporting Actor', 'person'), -- 5
    ('Goya Awards', 'Best European Film', 'movie'), -- 6
    ('Tokyo International Film Festival Grand Prix Award', NULL, 'movie'), -- 7
    ('Oscars', 'Best visual effects', 'movie'), -- 8
    ('Oscars', 'Best Movie', 'movie'), -- 9
    ('Japan Academy Award', 'Best Foreign Language Film', 'movie'), -- 10
    ('Critic’s Choice Awards', 'Best Sci-Fi/Horror Film', 'movie'), -- 11
    ('BAFTA Awards', 'Best Achievement in Special Visual Effects', 'movie'), -- 12
    ('Oscars', 'Best Achievement in Special Visual Effects', 'movie'), -- 13
    ('Oscars', 'Best Animated Feature', 'movie'), -- 14
    ('Oscars', 'Best Male Leading Role', 'person'), -- 15
    ('Oscars', 'Best Original Score', 'person'), -- 16
    ('Oscars', 'Best Screenplay – Written Directly for the Screen', 'person'); -- 17

INSERT INTO AwardPersonConnecter
    (award_id, person_id)
VALUES
    (1, 29),
    (2, 1),
    (3, 1),
    (5, 1),
    (15, 1),
    (16, 35),
    (16, 36);

INSERT INTO AwardMovieConnecter
    (award_id, movie_id)
VALUES
    (4, 1),
    (6, 2),
    (7, 2),
    (8, 3),
    (9, 3),
    (10, 4),
    (8, 5),
    (11, 5),
    (12, 5),
    (13, 5),
    (14, 6),
    (13, 8),
    (17, 9),
    (13, 13),
    (13, 15);

INSERT INTO People
    (person_type, name, age, gender)
VALUES
    ('user', 'Лида Дёгтева', NULL, 'female'), -- 43
    ('user', 'Дмитрий Кожин', NULL, 'male'), -- 44
    ('user', 'Эвелина Штейн', NULL, 'female'), -- 45
    ('user', 'Alina_23', NULL, 'female'), -- 46
    ('user', 'Евгений Пекло', NULL, 'male'), -- 47
    ('user', 'doctor2', NULL, 'male'), -- 48
    ('user', 'arito_sei', NULL, 'female'), -- 49
    ('user', 'Genious_Fox', NULL, 'female'), -- 50
    ('user', 'Stee', NULL, 'male'), -- 51
    ('user', 'Zoso', NULL, 'male'), -- 52!!!
    ('user', 'Tanatolog', NULL, 'male'), -- 53
    ('user', 'Fr3ya', NULL, 'female'), -- 54
    ('user', 'mickle82', NULL, 'male'), -- 55
    ('user', 'dinochka-sunny', NULL, 'female'); -- 56
    
INSERT INTO Reviews
    (movie_id, contents, rating, user_id)
VALUES
    (1, 'Безусловно, лучший из лучших фильмов, которые я смотрела. А смотрела я его с десяток раз!', 9, 43),
    (2, 'Это кино я уже видел и это кино не про меня.', 3.5, 44),
    (3, 'Редкий случай, когда фильм лучше и интереснее книги.', 8, 45),
    (4, 'Сразу скажу, что фильм мне понравился.', 4, 46),
    (5, 'Эмоциональное воздействие фильма получилось неожиданно сильным.', 8.6, 47),
    (6, 'Сказка на ночь, которая превращается в восхитительный сон от которого не хочется просыпаться.', 9.5, 48),
    (7, 'Дадаистическая псевдофилософия.', 3.3, 49),
    (8, 'Классика кинематографа!', 7.9, 50),
    (9, 'Чтиво... бессмысленное и беспощадное', 5, 51),
    (10, 'Самый лучший фильм Спилберга', 8.9, 52),
    (11, 'В детстве я смотрела милые, добрые и поучительные советские мультики. И, к несчастью, я увидела Шрека.', 2, 46),
    (12, 'Лично я не могу себе представить, что этому фильму можно поставить меньше 10', 10, 53),
    (13, 'Я апплодирую стоя', 9, 54),
    (14, 'По поводу этого могу сказать лишь одно: что это? О чём всё это?', 4.2, 55),
    (15, '«Сказка – ложь, да в ней намек…»', 8, 56);

INSERT INTO ReviewsHistory
    (movie_id, contents, rating, date_added, user_id)
VALUES
    (1, 'Безусловно, лучший из лучших фильмов, которые я смотрела. А смотрела я его с десяток раз!', 9, '2023-12-06', 43),
    (2, 'Это кино я уже видел и это кино не про меня.', 3.5, '2013-04-09', 44),
    (3, 'Редкий случай, когда фильм лучше и интереснее книги.', 8, '2023-05-19', 45),
    (4, 'Сразу скажу, что фильм мне понравился.', 4, '2010-03-09', 46),
    (5, 'Эмоциональное воздействие фильма получилось неожиданно сильным.', 8.6, '2014-11-26', 47),
    (6, 'Сказка на ночь, которая превращается в восхитительный сон от которого не хочется просыпаться.', 9.5, '2007-08-01', 48),
    (7, 'Дадаистическая псевдофилософия.', 3.3, '2010-04-22', 49),
    (8, 'Классика кинематографа!', 7.9, '2007-05-11', 50),
    (9, 'Чтиво... бессмысленное и беспощадное', 5, '2010-04-04', 51),
    (10, 'Самый лучший фильм Спилберга', 8.9, '2007-08-04', 52),
    (11, 'В детстве я смотрела милые, добрые и поучительные советские мультики. И, к несчастью, я увидела Шрека.', 2, '2010-03-27', 46),
    (12, 'Лично я не могу себе представить, что этому фильму можно поставить меньше 10', 10, '2007-03-04', 53),
    (13, 'Я апплодирую стоя', 9, '2008-12-02', 54),
    (14, 'По поводу этого могу сказать лишь одно: что это? О чём всё это?', 4.2, '2013-01-17', 55),
    (15, '«Сказка – ложь, да в ней намек…»', 8,'2008-03-23', 56),
    (1, 'Без сомнения, самый лутчий из лутчих кинофильмов, что я видела. А видела я его наверное около десяти раз!', 9, '2023-12-03', 43),
    (2, 'Этот фильм я уже глядел и он не про меня.', 3.5, '2013-04-08', 44),
    (3, 'Редкий случай, когды фиьм луче и интереснее книги.', 8, '2023-05-17', 45),
    (4, 'Сразу скажу, что фиьм ми понравился.', 4, '2010-03-08', 46),
    (5, 'Эмоциональное воздействие фиьма получилось неожиданно сильным.', 8.6, '2014-11-25', 47),
    (6, 'Скаска на ночь, котоая превращаеца в восхитительный сон, от котоо не хочется просыпаца.', 9.5, '2007-07-20', 48),
    (7, 'Додоыстическая псевдофилософия.', 3.3, '2010-04-20', 49),
    (8, 'Класскка кениматогрофа!', 7.9, '2007-05-10', 50),
    (9, 'Чтыва... бессмысленнае и биспащадное', 5, '2010-04-03', 51),
    (10, 'Самий лучшый фыльм Спелберга', 8.9, '2007-08-03', 52),
    (11, 'В детстви я сматрела мелые, дабрые и паучительние савитские мультики. И, книсчастью, я увидила Шрека.', 2, '2010-03-25', 46),
    (12, 'Лична я ни магу себе придставить, чта этому фильму можна паставить меньши 10', 10, '2007-03-03', 53),
    (13, 'Я аппладерую стоя', 9, '2008-12-01', 54),
    (14, 'Па поваду этого могу сказать лишь одно: что эта? А чём всё это?', 4.2, '2013-01-15', 55),
    (15, '«Сказка – лож, до в ний намик…»', 8,'2008-03-22', 56);
